epoch,time,train/box_loss,train/cls_loss,train/dfl_loss,metrics/precision(B),metrics/recall(B),metrics/mAP50(B),metrics/mAP50-95(B),val/box_loss,val/cls_loss,val/dfl_loss,lr/pg0,lr/pg1,lr/pg2
1,5.91442,6.6026,10.0394,4.20414,0,0,0,0,6.68007,7.53864,4.15982,1.429e-05,1.429e-05,1.429e-05
2,11.128,6.56224,11.6052,4.25633,0,0,0,0,6.68034,7.54087,4.1606,4.27285e-05,4.27285e-05,4.27285e-05
3,16.357,6.60404,10.8155,4.18953,0,0,0,0,6.68058,7.5441,4.16132,7.09784e-05,7.09784e-05,7.09784e-05
4,21.7803,6.41053,8.26529,4.22725,0,0,0,0,6.68077,7.54704,4.16191,9.90397e-05,9.90397e-05,9.90397e-05
5,26.9169,6.57736,9.39357,4.20751,0,0,0,0,6.68089,7.55288,4.16237,0.000126912,0.000126912,0.000126912
6,32.4051,6.36639,8.0086,4.1684,0,0,0,0,6.68084,7.55342,4.16234,0.000154596,0.000154596,0.000154596
7,37.8607,6.67832,9.38618,4.18248,0,0,0,0,6.68078,7.55454,4.16228,0.000182092,0.000182092,0.000182092
8,42.9821,6.5999,10.7012,4.14317,0,0,0,0,6.68064,7.55419,4.162,0.000209399,0.000209399,0.000209399
9,47.604,6.60988,8.65142,4.0849,0,0,0,0,6.68036,7.55101,4.1613,0.000236517,0.000236517,0.000236517
10,52.9605,6.74831,12.2059,4.10907,0,0,0,0,6.67998,7.5455,4.1603,0.000263446,0.000263446,0.000263446
11,58.5259,6.6593,17.3072,3.98049,0,0,0,0,6.67953,7.53536,4.15914,0.000290187,0.000290187,0.000290187
12,63.9839,6.87687,14.5869,3.96456,0,0,0,0,6.67903,7.5238,4.1579,0.000316739,0.000316739,0.000316739
13,68.4649,6.4587,8.51923,3.92405,0,0,0,0,6.67854,7.50855,4.15677,0.000343103,0.000343103,0.000343103
14,72.9918,6.57289,8.44817,3.83825,0,0,0,0,6.67822,7.49051,4.15621,0.000369278,0.000369278,0.000369278
15,77.7234,6.30665,7.05682,3.8828,0,0,0,0,6.67804,7.46917,4.15626,0.000395264,0.000395264,0.000395264
16,82.2766,5.95112,5.9871,3.73401,0,0,0,0,6.6779,7.44202,4.15664,0.000421062,0.000421062,0.000421062
17,87.0425,6.19012,7.88083,3.56865,0,0,0,0,6.67802,7.40969,4.15797,0.000446671,0.000446671,0.000446671
18,91.9786,6.19792,6.44888,3.49111,0,0,0,0,6.67802,7.40969,4.15797,0.000472092,0.000472092,0.000472092
19,96.2442,5.56932,5.3972,3.48597,0,0,0,0,6.67861,7.37012,4.16137,0.000497323,0.000497323,0.000497323
20,100.638,5.18724,5.18067,3.43999,0,0,0,0,6.67958,7.32628,4.16615,0.000522367,0.000522367,0.000522367
21,105.032,5.52674,5.10863,3.33439,0,0,0,0,6.67958,7.32628,4.16615,0.000547221,0.000547221,0.000547221
22,109.472,4.77314,4.92409,3.47286,0,0,0,0,6.68133,7.26646,4.17404,0.000571887,0.000571887,0.000571887
23,113.836,4.84237,4.84169,3.28292,0,0,0,0,6.68496,7.22093,4.1889,0.000596365,0.000596365,0.000596365
24,118.384,4.932,4.87175,3.40278,0,0,0,0,6.68496,7.22093,4.1889,0.000620653,0.000620653,0.000620653
25,122.782,4.63758,4.40371,3.21418,0,0,0,0,6.69064,7.17997,4.21177,0.000644753,0.000644753,0.000644753
26,127.857,4.71085,5.04937,3.50662,0,0,0,0,6.69742,7.16207,4.23901,0.000668665,0.000668665,0.000668665
27,132.241,5.02302,4.22921,3.22048,0,0,0,0,6.69742,7.16207,4.23901,0.000692388,0.000692388,0.000692388
28,136.93,4.64445,4.87635,3.07395,0,0,0,0,6.70446,7.14217,4.2681,0.000715922,0.000715922,0.000715922
29,141.728,4.84271,4.08703,2.90672,0,0,0,0,6.71316,7.14496,4.30501,0.000739267,0.000739267,0.000739267
30,146.314,4.19331,4.10919,2.96038,0,0,0,0,6.71316,7.14496,4.30501,0.000762424,0.000762424,0.000762424
31,150.985,4.80126,3.96663,3.01339,0,0,0,0,6.72002,7.13049,4.33431,0.000785393,0.000785393,0.000785393
32,155.209,4.12635,4.17122,2.90792,0,0,0,0,6.72002,7.13049,4.33431,0.000808172,0.000808172,0.000808172
33,159.489,4.45114,3.9129,2.73971,0,0,0,0,6.72472,7.10494,4.35399,0.000830763,0.000830763,0.000830763
34,163.671,3.86893,3.79743,2.94278,0,0,0,0,6.72472,7.10494,4.35399,0.000853166,0.000853166,0.000853166
35,167.961,3.99586,3.75827,2.8156,0,0,0,0,6.72931,7.07963,4.37348,0.00087538,0.00087538,0.00087538
36,172.298,4.06643,3.71747,2.57321,0,0,0,0,6.72931,7.07963,4.37348,0.000897405,0.000897405,0.000897405
37,177.096,4.14853,4.08047,2.92572,0,0,0,0,6.73278,7.02913,4.3888,0.000919241,0.000919241,0.000919241
38,181.253,4.27437,3.95605,2.80494,0,0,0,0,6.73278,7.02913,4.3888,0.000940889,0.000940889,0.000940889
39,185.577,4.0118,3.94922,2.61799,0,0,0,0,6.73516,6.98685,4.39964,0.000962349,0.000962349,0.000962349
40,189.707,4.01527,3.9163,2.57017,0,0,0,0,6.73516,6.98685,4.39964,0.000983619,0.000983619,0.000983619
41,193.84,4.06093,3.9269,2.40951,0,0,0,0,6.73516,6.98685,4.39964,0.0010047,0.0010047,0.0010047
42,198.199,4.17331,3.81853,2.41145,0,0,0,0,6.74047,6.98522,4.42534,0.00102559,0.00102559,0.00102559
43,202.57,3.81564,3.46757,2.55934,0,0,0,0,6.74047,6.98522,4.42534,0.0010463,0.0010463,0.0010463
44,206.848,4.11833,3.85055,2.45263,0,0,0,0,6.73654,6.89016,4.41007,0.00106682,0.00106682,0.00106682
45,211.024,4.32739,3.69398,2.34111,0,0,0,0,6.73654,6.89016,4.41007,0.00108714,0.00108714,0.00108714
46,215.434,4.02738,3.60169,2.44877,0,0,0,0,6.73654,6.89016,4.41007,0.00110728,0.00110728,0.00110728
47,219.987,4.19258,3.53817,2.26974,0,0,0,0,6.73346,6.84928,4.39528,0.00112723,0.00112723,0.00112723
48,224.731,3.90362,3.39365,2.48144,0,0,0,0,6.73346,6.84928,4.39528,0.00114699,0.00114699,0.00114699
49,229.109,4.02402,3.232,2.43777,0,0,0,0,6.72915,6.85737,4.37138,0.00116657,0.00116657,0.00116657
50,233.183,4.07416,3.38303,2.28523,0,0,0,0,6.72915,6.85737,4.37138,0.00118595,0.00118595,0.00118595
51,237.545,3.97265,3.36718,2.15996,0,0,0,0,6.72915,6.85737,4.37138,0.00119322,0.00119322,0.00119322
52,241.796,4.03347,3.20342,2.20058,0,0,0,0,6.73202,6.96922,4.37924,0.0011885,0.0011885,0.0011885
53,246.257,3.66632,2.96588,2.09229,0,0,0,0,6.73202,6.96922,4.37924,0.00118378,0.00118378,0.00118378
54,250.696,3.60189,3.2048,2.17434,0,0,0,0,6.73538,7.17464,4.38885,0.00117907,0.00117907,0.00117907
55,257.068,3.62459,3.07303,2.0976,0,0,0,0,6.73538,7.17464,4.38885,0.00117435,0.00117435,0.00117435
56,263.866,3.60657,3.01647,2.19196,0,0,0,0,6.73538,7.17464,4.38885,0.00116964,0.00116964,0.00116964
57,268.557,3.31459,3.12746,2.32422,0,0,0,0,6.72318,7.25628,4.33243,0.00116492,0.00116492,0.00116492
58,274.227,3.53592,2.9155,2.04167,0,0,0,0,6.72318,7.25628,4.33243,0.00116021,0.00116021,0.00116021
59,279.21,3.35866,2.83582,2.21957,0,0,0,0,6.70348,7.23925,4.2582,0.00115549,0.00115549,0.00115549
60,283.714,3.08357,2.67804,2.15194,0,0,0,0,6.70348,7.23925,4.2582,0.00115077,0.00115077,0.00115077
61,288.411,3.31283,2.96423,2.18941,0,0,0,0,6.70348,7.23925,4.2582,0.00114606,0.00114606,0.00114606
62,293.33,3.30085,2.6247,1.8886,0,0,0,0,6.68428,7.1809,4.20723,0.00114134,0.00114134,0.00114134
63,297.756,3.06831,2.76407,2.11894,0,0,0,0,6.68428,7.1809,4.20723,0.00113663,0.00113663,0.00113663
64,301.974,3.26453,3.02785,2.02714,0,0,0,0,6.65996,7.18698,4.15298,0.00113191,0.00113191,0.00113191
65,306.357,2.93764,2.5557,1.89842,0,0,0,0,6.65996,7.18698,4.15298,0.0011272,0.0011272,0.0011272
66,310.711,2.87849,2.57494,1.92199,0,0,0,0,6.65996,7.18698,4.15298,0.00112248,0.00112248,0.00112248
67,314.983,2.97322,2.51676,1.86671,0,0,0,0,6.63007,7.14447,4.10211,0.00111776,0.00111776,0.00111776
68,319.265,3.23073,2.70391,1.90098,0,0,0,0,6.63007,7.14447,4.10211,0.00111305,0.00111305,0.00111305
69,323.861,2.80337,2.732,1.96581,0,0,0,0,6.54132,7.04489,3.98348,0.00110833,0.00110833,0.00110833
70,328.602,2.68494,2.53849,2.09451,0,0,0,0,6.54132,7.04489,3.98348,0.00110362,0.00110362,0.00110362
71,332.795,2.98623,2.3059,1.84006,0,0,0,0,6.54132,7.04489,3.98348,0.0010989,0.0010989,0.0010989
72,337.713,2.788,2.4291,1.7926,0,0,0,0,5.83242,6.22861,3.48808,0.00109419,0.00109419,0.00109419
73,342.771,2.74875,2.41495,1.8332,0,0,0,0,5.83242,6.22861,3.48808,0.00108947,0.00108947,0.00108947
74,347.553,2.78046,2.52317,1.78969,0.00383,0.2,0.05744,0.01858,4.30498,4.41236,2.77596,0.00108475,0.00108475,0.00108475
75,352.502,2.71515,2.40443,1.58763,0.00383,0.2,0.05744,0.01858,4.30498,4.41236,2.77596,0.00108004,0.00108004,0.00108004
76,357.265,2.44488,2.52898,1.59254,0.00383,0.2,0.05744,0.01858,4.30498,4.41236,2.77596,0.00107532,0.00107532,0.00107532
77,362.046,2.83554,2.50687,1.70102,0.26885,0.23333,0.16535,0.04877,3.24551,2.97731,2.3146,0.00107061,0.00107061,0.00107061
78,367.107,2.58059,2.226,1.7496,0.26885,0.23333,0.16535,0.04877,3.24551,2.97731,2.3146,0.00106589,0.00106589,0.00106589
79,372.295,2.88759,2.33282,1.58224,0.53495,0.2,0.29708,0.09557,2.90346,2.55668,2.14793,0.00106118,0.00106118,0.00106118
80,377.342,2.40158,2.1731,1.57846,0.53495,0.2,0.29708,0.09557,2.90346,2.55668,2.14793,0.00105646,0.00105646,0.00105646
81,381.573,2.60784,2.31559,1.61477,0.53495,0.2,0.29708,0.09557,2.90346,2.55668,2.14793,0.00105174,0.00105174,0.00105174
82,386.579,2.44193,2.34946,1.88742,0.51085,0.43333,0.40857,0.14654,2.7753,2.46593,2.08793,0.00104703,0.00104703,0.00104703
83,391.665,2.40685,2.15751,1.45179,0.51085,0.43333,0.40857,0.14654,2.7753,2.46593,2.08793,0.00104231,0.00104231,0.00104231
84,396.643,2.20602,2.13125,1.6154,0.35938,0.4,0.34514,0.10526,3.09568,2.67775,2.10272,0.0010376,0.0010376,0.0010376
85,401.833,2.38965,2.13789,1.67364,0.35938,0.4,0.34514,0.10526,3.09568,2.67775,2.10272,0.00103288,0.00103288,0.00103288
86,406.394,2.38278,2.09686,1.69478,0.35938,0.4,0.34514,0.10526,3.09568,2.67775,2.10272,0.00102817,0.00102817,0.00102817
87,411.609,2.65249,2.11991,1.5274,0.39773,0.41078,0.38891,0.13424,2.82596,2.67819,2.00306,0.00102345,0.00102345,0.00102345
88,416.544,2.29594,2.07363,1.40048,0.39773,0.41078,0.38891,0.13424,2.82596,2.67819,2.00306,0.00101873,0.00101873,0.00101873
89,421.1,2.25484,2.04428,1.60116,0.48348,0.51335,0.52969,0.24003,2.31991,2.47983,1.9378,0.00101402,0.00101402,0.00101402
90,425.977,2.3444,2.13605,1.53342,0.48348,0.51335,0.52969,0.24003,2.31991,2.47983,1.9378,0.0010093,0.0010093,0.0010093
91,430.734,2.13052,1.92557,1.5153,0.48348,0.51335,0.52969,0.24003,2.31991,2.47983,1.9378,0.00100459,0.00100459,0.00100459
92,435.345,2.22236,2.15949,1.67628,0.4824,0.53333,0.60575,0.28737,2.25922,2.39601,1.84652,0.000999871,0.000999871,0.000999871
93,440.026,2.32633,2.60604,1.80915,0.4824,0.53333,0.60575,0.28737,2.25922,2.39601,1.84652,0.000995156,0.000995156,0.000995156
94,444.724,2.20288,2.033,1.55724,0.4277,0.53333,0.58646,0.23112,2.27851,2.29133,1.73229,0.00099044,0.00099044,0.00099044
95,449.275,2.21167,2.03916,1.52093,0.4277,0.53333,0.58646,0.23112,2.27851,2.29133,1.73229,0.000985724,0.000985724,0.000985724
96,453.782,2.48077,2.35138,1.38482,0.4277,0.53333,0.58646,0.23112,2.27851,2.29133,1.73229,0.000981008,0.000981008,0.000981008
97,458.685,2.35016,2.21833,1.42497,0.53806,0.56263,0.69411,0.28866,2.23247,2.26972,1.65986,0.000976293,0.000976293,0.000976293
98,463.317,2.21607,2.12907,1.4918,0.53806,0.56263,0.69411,0.28866,2.23247,2.26972,1.65986,0.000971577,0.000971577,0.000971577
99,467.824,2.40535,2.16979,1.37813,0.5954,0.7,0.71016,0.32659,2.14093,2.05565,1.62851,0.000966861,0.000966861,0.000966861
100,472.519,1.99412,1.93746,1.50845,0.5954,0.7,0.71016,0.32659,2.14093,2.05565,1.62851,0.000962146,0.000962146,0.000962146
101,477.622,2.15647,1.97719,1.36358,0.5954,0.7,0.71016,0.32659,2.14093,2.05565,1.62851,0.00095743,0.00095743,0.00095743
102,482.483,2.19342,1.91338,1.32808,0.59541,0.72092,0.75865,0.33294,2.05524,1.93845,1.62353,0.000952714,0.000952714,0.000952714
103,487.257,2.02344,1.91599,1.46648,0.59541,0.72092,0.75865,0.33294,2.05524,1.93845,1.62353,0.000947999,0.000947999,0.000947999
104,492.136,2.18526,2.02887,1.49758,0.48912,0.8,0.73681,0.32902,2.07999,1.98674,1.60249,0.000943283,0.000943283,0.000943283
105,496.926,2.13731,2.07022,1.43209,0.48912,0.8,0.73681,0.32902,2.07999,1.98674,1.60249,0.000938567,0.000938567,0.000938567
106,501.352,2.14551,1.8527,1.33454,0.48912,0.8,0.73681,0.32902,2.07999,1.98674,1.60249,0.000933851,0.000933851,0.000933851
107,505.822,2.10611,1.87659,1.36108,0.55782,0.83333,0.80851,0.36484,2.0299,1.92116,1.56667,0.000929136,0.000929136,0.000929136
108,510.309,2.02008,1.77427,1.29376,0.55782,0.83333,0.80851,0.36484,2.0299,1.92116,1.56667,0.00092442,0.00092442,0.00092442
109,514.814,2.02639,1.90137,1.51624,0.58694,0.71793,0.79502,0.37226,1.99606,1.88055,1.54803,0.000919704,0.000919704,0.000919704
110,519.494,2.01084,1.84986,1.3593,0.58694,0.71793,0.79502,0.37226,1.99606,1.88055,1.54803,0.000914989,0.000914989,0.000914989
111,523.992,2.00213,1.88369,1.32455,0.58694,0.71793,0.79502,0.37226,1.99606,1.88055,1.54803,0.000910273,0.000910273,0.000910273
112,529.154,2.05418,1.79099,1.42809,0.51953,0.64898,0.72086,0.35663,2.02651,1.8981,1.55271,0.000905557,0.000905557,0.000905557
113,533.722,2.1028,1.90083,1.34835,0.51953,0.64898,0.72086,0.35663,2.02651,1.8981,1.55271,0.000900842,0.000900842,0.000900842
114,539.271,1.99049,1.7671,1.37364,0.59304,0.7,0.77345,0.37103,1.95272,1.93476,1.53124,0.000896126,0.000896126,0.000896126
115,544.043,2.18253,1.8228,1.32594,0.59304,0.7,0.77345,0.37103,1.95272,1.93476,1.53124,0.00089141,0.00089141,0.00089141
116,549.684,1.9491,1.83382,1.27361,0.59304,0.7,0.77345,0.37103,1.95272,1.93476,1.53124,0.000886694,0.000886694,0.000886694
117,554.105,2.05884,1.90741,1.26107,0.57883,0.73333,0.78132,0.36314,1.98404,1.93738,1.51328,0.000881979,0.000881979,0.000881979
118,558.734,1.87697,1.967,1.22429,0.57883,0.73333,0.78132,0.36314,1.98404,1.93738,1.51328,0.000877263,0.000877263,0.000877263
119,563.995,1.96535,1.89721,1.32031,0.47185,0.76667,0.75648,0.31643,2.0732,1.98577,1.50211,0.000872547,0.000872547,0.000872547
120,568.74,1.95262,1.90764,1.32968,0.47185,0.76667,0.75648,0.31643,2.0732,1.98577,1.50211,0.000867832,0.000867832,0.000867832
121,573.299,2.06155,2.15275,1.34624,0.47185,0.76667,0.75648,0.31643,2.0732,1.98577,1.50211,0.000863116,0.000863116,0.000863116
122,577.957,2.02523,1.81407,1.30905,0.44965,0.75735,0.68874,0.2889,2.10009,1.99062,1.49957,0.0008584,0.0008584,0.0008584
123,582.507,1.98553,1.69437,1.38836,0.44965,0.75735,0.68874,0.2889,2.10009,1.99062,1.49957,0.000853685,0.000853685,0.000853685
124,587.326,2.04668,1.90708,1.34101,0.43333,0.77733,0.67564,0.31842,1.95516,1.89259,1.45451,0.000848969,0.000848969,0.000848969
125,591.861,2.01761,1.68126,1.33023,0.43333,0.77733,0.67564,0.31842,1.95516,1.89259,1.45451,0.000844253,0.000844253,0.000844253
126,596.906,1.83329,1.71432,1.19958,0.43333,0.77733,0.67564,0.31842,1.95516,1.89259,1.45451,0.000839537,0.000839537,0.000839537
127,602.191,1.91003,1.76691,1.33352,0.48354,0.73687,0.76225,0.38234,1.7648,1.83433,1.388,0.000834822,0.000834822,0.000834822
128,606.691,1.96587,1.79053,1.37695,0.48354,0.73687,0.76225,0.38234,1.7648,1.83433,1.388,0.000830106,0.000830106,0.000830106
129,611.356,1.87141,1.75261,1.28264,0.53499,0.73333,0.81573,0.33842,1.94594,1.93979,1.43076,0.00082539,0.00082539,0.00082539
130,616.307,1.92728,1.64045,1.28184,0.53499,0.73333,0.81573,0.33842,1.94594,1.93979,1.43076,0.000820675,0.000820675,0.000820675
131,621.423,1.85985,1.7402,1.33232,0.53499,0.73333,0.81573,0.33842,1.94594,1.93979,1.43076,0.000815959,0.000815959,0.000815959
132,626.507,1.99752,1.77002,1.37998,0.70048,0.8,0.8766,0.35543,1.98327,1.90206,1.45332,0.000811243,0.000811243,0.000811243
133,631.313,1.76004,1.65938,1.23723,0.70048,0.8,0.8766,0.35543,1.98327,1.90206,1.45332,0.000806528,0.000806528,0.000806528
134,636.117,1.73377,1.53459,1.24678,0.78011,0.84233,0.90443,0.42187,1.83132,1.7351,1.39672,0.000801812,0.000801812,0.000801812
135,640.531,1.90105,1.66167,1.26909,0.78011,0.84233,0.90443,0.42187,1.83132,1.7351,1.39672,0.000797096,0.000797096,0.000797096
136,645.422,1.69101,1.53962,1.3251,0.78011,0.84233,0.90443,0.42187,1.83132,1.7351,1.39672,0.00079238,0.00079238,0.00079238
137,650.134,1.6936,1.49201,1.14955,0.79962,0.83918,0.91925,0.43997,1.7794,1.66986,1.3799,0.000787665,0.000787665,0.000787665
138,654.228,1.85296,2.48997,1.22824,0.79962,0.83918,0.91925,0.43997,1.7794,1.66986,1.3799,0.000782949,0.000782949,0.000782949
139,659.058,1.7767,1.65073,1.23916,0.79768,0.8,0.91203,0.38678,1.837,1.71028,1.38648,0.000778233,0.000778233,0.000778233
140,663.395,1.85382,1.54488,1.24226,0.79768,0.8,0.91203,0.38678,1.837,1.71028,1.38648,0.000773518,0.000773518,0.000773518
141,667.899,1.88332,1.56295,1.35927,0.79768,0.8,0.91203,0.38678,1.837,1.71028,1.38648,0.000768802,0.000768802,0.000768802
142,673.23,1.76825,1.79377,1.09395,0.84612,0.74986,0.90697,0.39975,1.81484,1.75096,1.37559,0.000764086,0.000764086,0.000764086
143,677.587,1.69445,1.54398,1.19452,0.84612,0.74986,0.90697,0.39975,1.81484,1.75096,1.37559,0.000759371,0.000759371,0.000759371
144,682.111,1.9041,1.64587,1.23223,0.82171,0.72871,0.88626,0.4328,1.75866,1.75422,1.36688,0.000754655,0.000754655,0.000754655
145,686.409,1.69539,1.52833,1.26548,0.82171,0.72871,0.88626,0.4328,1.75866,1.75422,1.36688,0.000749939,0.000749939,0.000749939
146,691.235,1.64461,1.5497,1.26764,0.82171,0.72871,0.88626,0.4328,1.75866,1.75422,1.36688,0.000745223,0.000745223,0.000745223
147,695.193,1.81307,1.54521,1.19247,0.87393,0.75444,0.88271,0.43054,1.71902,1.70512,1.34994,0.000740508,0.000740508,0.000740508
148,699.49,1.78316,1.54943,1.31948,0.87393,0.75444,0.88271,0.43054,1.71902,1.70512,1.34994,0.000735792,0.000735792,0.000735792
149,703.963,1.99265,1.61658,1.18681,0.89902,0.7952,0.88264,0.42073,1.7381,1.61908,1.34167,0.000731076,0.000731076,0.000731076
150,708.334,1.72258,1.50786,1.32827,0.89902,0.7952,0.88264,0.42073,1.7381,1.61908,1.34167,0.000726361,0.000726361,0.000726361
151,712.77,1.81563,1.50369,1.16901,0.89902,0.7952,0.88264,0.42073,1.7381,1.61908,1.34167,0.000721645,0.000721645,0.000721645
152,717.465,1.93343,1.65123,1.1996,0.88781,0.84489,0.90008,0.40221,1.71319,1.56775,1.32982,0.000716929,0.000716929,0.000716929
153,721.825,1.77291,1.4671,1.22479,0.88781,0.84489,0.90008,0.40221,1.71319,1.56775,1.32982,0.000712214,0.000712214,0.000712214
154,726.478,1.7489,1.49435,1.20238,0.7522,0.79082,0.79953,0.35136,1.93391,1.61147,1.37263,0.000707498,0.000707498,0.000707498
155,731.49,1.6911,1.54292,1.24018,0.7522,0.79082,0.79953,0.35136,1.93391,1.61147,1.37263,0.000702782,0.000702782,0.000702782
156,735.923,1.76242,1.62778,1.21592,0.7522,0.79082,0.79953,0.35136,1.93391,1.61147,1.37263,0.000698066,0.000698066,0.000698066
157,740.674,1.6423,1.42987,1.11504,0.79999,0.86969,0.90977,0.40128,1.84287,1.60215,1.3527,0.000693351,0.000693351,0.000693351
158,745.693,1.79351,1.62822,1.21615,0.79999,0.86969,0.90977,0.40128,1.84287,1.60215,1.3527,0.000688635,0.000688635,0.000688635
159,750.505,1.6616,1.35492,1.14759,0.80329,0.84395,0.8961,0.41438,1.72491,1.60734,1.33432,0.000683919,0.000683919,0.000683919
160,755.4,1.7132,1.52166,1.21202,0.80329,0.84395,0.8961,0.41438,1.72491,1.60734,1.33432,0.000679204,0.000679204,0.000679204
161,759.63,1.67039,1.48986,1.30927,0.80329,0.84395,0.8961,0.41438,1.72491,1.60734,1.33432,0.000674488,0.000674488,0.000674488
162,763.993,1.75466,1.48424,1.15602,0.90679,0.79146,0.92551,0.48024,1.66348,1.5647,1.31047,0.000669772,0.000669772,0.000669772
163,768.311,1.63373,1.42481,1.15613,0.90679,0.79146,0.92551,0.48024,1.66348,1.5647,1.31047,0.000665057,0.000665057,0.000665057
164,774.14,1.81531,1.51937,1.33616,0.93455,0.83305,0.93956,0.48866,1.69086,1.50161,1.29713,0.000660341,0.000660341,0.000660341
165,778.981,1.71247,1.41638,1.22937,0.93455,0.83305,0.93956,0.48866,1.69086,1.50161,1.29713,0.000655625,0.000655625,0.000655625
166,783.534,1.69638,1.43445,1.19564,0.93455,0.83305,0.93956,0.48866,1.69086,1.50161,1.29713,0.000650909,0.000650909,0.000650909
167,788.903,1.72234,1.43269,1.17697,0.90294,0.86222,0.91391,0.45506,1.77633,1.49079,1.3151,0.000646194,0.000646194,0.000646194
168,793.884,1.74555,1.47357,1.23841,0.90294,0.86222,0.91391,0.45506,1.77633,1.49079,1.3151,0.000641478,0.000641478,0.000641478
169,798.972,1.62489,1.35985,1.14403,0.81743,0.81141,0.90762,0.44902,1.73961,1.55619,1.30265,0.000636762,0.000636762,0.000636762
170,803.837,1.70108,1.52897,1.23931,0.81743,0.81141,0.90762,0.44902,1.73961,1.55619,1.30265,0.000632047,0.000632047,0.000632047
171,808.654,1.61604,1.42732,1.12469,0.81743,0.81141,0.90762,0.44902,1.73961,1.55619,1.30265,0.000627331,0.000627331,0.000627331
172,813.644,1.65289,1.3252,1.1185,0.91281,0.89037,0.9535,0.49644,1.66621,1.49423,1.28088,0.000622615,0.000622615,0.000622615
173,819.04,1.53617,1.3387,1.07288,0.91281,0.89037,0.9535,0.49644,1.66621,1.49423,1.28088,0.0006179,0.0006179,0.0006179
174,823.98,1.52913,1.32691,1.11702,0.81623,0.88406,0.9706,0.52026,1.62803,1.45511,1.26824,0.000613184,0.000613184,0.000613184
175,828.358,1.59333,1.42543,1.18672,0.81623,0.88406,0.9706,0.52026,1.62803,1.45511,1.26824,0.000608468,0.000608468,0.000608468
176,832.637,1.71043,1.86299,1.35031,0.81623,0.88406,0.9706,0.52026,1.62803,1.45511,1.26824,0.000603752,0.000603752,0.000603752
177,837.298,1.65573,1.43115,1.20871,0.83442,0.87785,0.96992,0.51706,1.62317,1.40435,1.25861,0.000599037,0.000599037,0.000599037
178,841.562,1.60576,1.36626,1.22986,0.83442,0.87785,0.96992,0.51706,1.62317,1.40435,1.25861,0.000594321,0.000594321,0.000594321
179,845.935,1.60258,1.43376,1.14565,0.91503,0.90723,0.97355,0.51738,1.67735,1.36775,1.26595,0.000589605,0.000589605,0.000589605
180,850.431,1.52128,1.30286,1.15189,0.91503,0.90723,0.97355,0.51738,1.67735,1.36775,1.26595,0.00058489,0.00058489,0.00058489
181,854.954,1.60511,1.33756,1.15013,0.91503,0.90723,0.97355,0.51738,1.67735,1.36775,1.26595,0.000580174,0.000580174,0.000580174
182,859.967,1.63955,1.33304,1.14567,0.79531,0.8164,0.94489,0.47003,1.72879,1.44105,1.27276,0.000575458,0.000575458,0.000575458
183,865.098,1.52417,1.32892,1.18737,0.79531,0.8164,0.94489,0.47003,1.72879,1.44105,1.27276,0.000570743,0.000570743,0.000570743
184,869.591,1.60881,1.43945,1.27565,0.78901,0.81265,0.90758,0.45107,1.69674,1.43511,1.24856,0.000566027,0.000566027,0.000566027
185,874.076,1.64884,1.33487,1.13053,0.78901,0.81265,0.90758,0.45107,1.69674,1.43511,1.24856,0.000561311,0.000561311,0.000561311
186,878.899,1.6329,1.3473,1.21659,0.78901,0.81265,0.90758,0.45107,1.69674,1.43511,1.24856,0.000556595,0.000556595,0.000556595
187,883.565,1.68891,1.5216,1.08664,0.83344,0.81499,0.88716,0.44675,1.68256,1.33486,1.24153,0.00055188,0.00055188,0.00055188
188,887.578,1.68939,1.35628,1.30529,0.83344,0.81499,0.88716,0.44675,1.68256,1.33486,1.24153,0.000547164,0.000547164,0.000547164
189,892.553,1.54683,1.21411,1.14019,0.77819,0.8379,0.86879,0.44697,1.65298,1.30456,1.24311,0.000542448,0.000542448,0.000542448
190,897.642,1.50838,1.281,1.11509,0.77819,0.8379,0.86879,0.44697,1.65298,1.30456,1.24311,0.000537733,0.000537733,0.000537733
191,902.309,1.56194,1.3118,1.195,0.77819,0.8379,0.86879,0.44697,1.65298,1.30456,1.24311,0.000533017,0.000533017,0.000533017
192,907.142,1.49127,1.27929,1.1603,0.8047,0.86262,0.84236,0.42348,1.73193,1.32467,1.28154,0.000528301,0.000528301,0.000528301
193,911.696,1.61751,1.37225,1.20383,0.8047,0.86262,0.84236,0.42348,1.73193,1.32467,1.28154,0.000523586,0.000523586,0.000523586
194,916.218,1.6387,1.28607,1.08371,0.79425,0.8489,0.85157,0.41212,1.85465,1.35284,1.32264,0.00051887,0.00051887,0.00051887
195,921.167,1.52466,1.3005,1.13994,0.79425,0.8489,0.85157,0.41212,1.85465,1.35284,1.32264,0.000514154,0.000514154,0.000514154
196,926.437,1.50165,1.25401,1.09269,0.79425,0.8489,0.85157,0.41212,1.85465,1.35284,1.32264,0.000509438,0.000509438,0.000509438
197,931.662,1.60964,1.34245,1.22679,0.82951,0.83333,0.87934,0.4603,1.7499,1.30207,1.26359,0.000504723,0.000504723,0.000504723
198,936.911,1.48359,1.25701,1.14311,0.82951,0.83333,0.87934,0.4603,1.7499,1.30207,1.26359,0.000500007,0.000500007,0.000500007
199,941.64,1.51364,1.3035,1.13901,0.86468,0.83333,0.95283,0.52403,1.64333,1.35752,1.21479,0.000495291,0.000495291,0.000495291
200,947.533,1.6424,1.33062,1.15933,0.86468,0.83333,0.95283,0.52403,1.64333,1.35752,1.21479,0.000490576,0.000490576,0.000490576
201,952.689,1.47238,1.2526,1.08198,0.86468,0.83333,0.95283,0.52403,1.64333,1.35752,1.21479,0.00048586,0.00048586,0.00048586
202,958.167,1.55152,1.27308,1.13476,0.88637,0.84485,0.96338,0.51714,1.62293,1.39743,1.20472,0.000481144,0.000481144,0.000481144
203,963.151,1.74635,1.335,1.17009,0.88637,0.84485,0.96338,0.51714,1.62293,1.39743,1.20472,0.000476429,0.000476429,0.000476429
204,968.017,1.58398,1.30093,1.1261,0.84219,0.89864,0.96338,0.52626,1.63304,1.37415,1.21801,0.000471713,0.000471713,0.000471713
205,972.581,1.51024,1.29736,1.13801,0.84219,0.89864,0.96338,0.52626,1.63304,1.37415,1.21801,0.000466997,0.000466997,0.000466997
206,977.24,1.51103,1.2337,1.11335,0.84219,0.89864,0.96338,0.52626,1.63304,1.37415,1.21801,0.000462281,0.000462281,0.000462281
207,981.577,1.60805,1.32544,1.00679,0.81707,0.93333,0.96276,0.49276,1.66399,1.30361,1.24313,0.000457566,0.000457566,0.000457566
208,986.109,1.43767,1.3803,1.00801,0.81707,0.93333,0.96276,0.49276,1.66399,1.30361,1.24313,0.00045285,0.00045285,0.00045285
209,990.768,1.66585,1.26739,1.12118,0.9557,0.86667,0.97451,0.48624,1.74655,1.22561,1.27162,0.000448134,0.000448134,0.000448134
210,995.05,1.4234,1.14356,1.06296,0.9557,0.86667,0.97451,0.48624,1.74655,1.22561,1.27162,0.000443419,0.000443419,0.000443419
211,999.167,1.48308,1.3959,1.087,0.9557,0.86667,0.97451,0.48624,1.74655,1.22561,1.27162,0.000438703,0.000438703,0.000438703
212,1003.45,1.52432,1.18687,1.1266,0.94146,0.9,0.97451,0.5168,1.70193,1.20474,1.25256,0.000433987,0.000433987,0.000433987
213,1007.85,1.44151,1.30036,1.13583,0.94146,0.9,0.97451,0.5168,1.70193,1.20474,1.25256,0.000429272,0.000429272,0.000429272
214,1012.65,1.47169,1.21113,1.09854,0.96015,0.89116,0.97519,0.5372,1.63357,1.19923,1.22057,0.000424556,0.000424556,0.000424556
215,1017.01,1.53581,1.2099,1.22718,0.96015,0.89116,0.97519,0.5372,1.63357,1.19923,1.22057,0.00041984,0.00041984,0.00041984
216,1021.58,1.45327,1.21133,1.11709,0.96015,0.89116,0.97519,0.5372,1.63357,1.19923,1.22057,0.000415124,0.000415124,0.000415124
217,1026.23,1.5762,1.26896,1.24658,0.85461,0.93757,0.96167,0.51468,1.59943,1.30018,1.20908,0.000410409,0.000410409,0.000410409
218,1031.12,1.50991,1.23291,1.0785,0.85461,0.93757,0.96167,0.51468,1.59943,1.30018,1.20908,0.000405693,0.000405693,0.000405693
219,1035.75,1.6159,1.26721,1.07622,0.766,0.89511,0.89542,0.48251,1.58847,1.38662,1.20567,0.000400977,0.000400977,0.000400977
220,1040.92,1.51397,1.25509,1.18942,0.766,0.89511,0.89542,0.48251,1.58847,1.38662,1.20567,0.000396262,0.000396262,0.000396262
221,1045.53,1.50686,1.18431,1.07117,0.766,0.89511,0.89542,0.48251,1.58847,1.38662,1.20567,0.000391546,0.000391546,0.000391546
222,1049.82,1.49462,1.2105,1.12628,0.78336,0.93305,0.88346,0.47874,1.57101,1.35208,1.19774,0.00038683,0.00038683,0.00038683
223,1054.34,1.55108,1.30913,1.1424,0.78336,0.93305,0.88346,0.47874,1.57101,1.35208,1.19774,0.000382115,0.000382115,0.000382115
224,1059.08,1.53293,1.18587,1.27687,0.78006,0.9106,0.94723,0.51813,1.61934,1.28028,1.21208,0.000377399,0.000377399,0.000377399
225,1064.3,1.55865,1.22228,1.15005,0.78006,0.9106,0.94723,0.51813,1.61934,1.28028,1.21208,0.000372683,0.000372683,0.000372683
226,1069.07,1.55794,1.20963,1.11522,0.78006,0.9106,0.94723,0.51813,1.61934,1.28028,1.21208,0.000367967,0.000367967,0.000367967
227,1073.48,1.64085,1.31725,1.2047,0.9137,0.89268,0.95561,0.52539,1.63798,1.19709,1.22109,0.000363252,0.000363252,0.000363252
228,1078.3,1.40629,1.10381,1.04262,0.9137,0.89268,0.95561,0.52539,1.63798,1.19709,1.22109,0.000358536,0.000358536,0.000358536
229,1083.4,1.46386,1.14429,1.06884,0.94212,0.89972,0.96394,0.52522,1.6179,1.15864,1.21975,0.00035382,0.00035382,0.00035382
230,1087.92,1.51503,1.12805,1.09057,0.94212,0.89972,0.96394,0.52522,1.6179,1.15864,1.21975,0.000349105,0.000349105,0.000349105
231,1093.03,1.51624,1.12304,1.10141,0.94212,0.89972,0.96394,0.52522,1.6179,1.15864,1.21975,0.000344389,0.000344389,0.000344389
232,1098.17,1.39562,1.14065,1.12631,0.90302,0.86667,0.96739,0.54224,1.5838,1.13744,1.21296,0.000339673,0.000339673,0.000339673
233,1102.98,1.3958,1.24901,1.12436,0.90302,0.86667,0.96739,0.54224,1.5838,1.13744,1.21296,0.000334958,0.000334958,0.000334958
234,1107.61,1.58163,1.36287,1.17708,0.88166,0.9744,0.98035,0.52322,1.64522,1.13187,1.23862,0.000330242,0.000330242,0.000330242
235,1112.8,1.42737,1.13319,1.15126,0.88166,0.9744,0.98035,0.52322,1.64522,1.13187,1.23862,0.000325526,0.000325526,0.000325526
236,1118.07,1.47277,1.15312,1.10084,0.88166,0.9744,0.98035,0.52322,1.64522,1.13187,1.23862,0.00032081,0.00032081,0.00032081
237,1122.78,1.53741,1.34482,1.18348,0.86219,1,0.97066,0.52547,1.67401,1.14278,1.24656,0.000316095,0.000316095,0.000316095
238,1127.14,1.48802,1.17872,1.07553,0.86219,1,0.97066,0.52547,1.67401,1.14278,1.24656,0.000311379,0.000311379,0.000311379
239,1131.93,1.4512,1.2103,1.06215,0.84243,1,0.96972,0.52711,1.66229,1.1366,1.23693,0.000306663,0.000306663,0.000306663
240,1136.87,1.55306,1.26993,1.11064,0.84243,1,0.96972,0.52711,1.66229,1.1366,1.23693,0.000301948,0.000301948,0.000301948
241,1141.82,1.47553,1.17335,1.12127,0.84243,1,0.96972,0.52711,1.66229,1.1366,1.23693,0.000297232,0.000297232,0.000297232
242,1146.57,1.4989,1.18498,1.044,0.85172,0.93333,0.96965,0.52047,1.70435,1.18004,1.2519,0.000292516,0.000292516,0.000292516
243,1151.08,1.51184,1.20572,1.10803,0.85172,0.93333,0.96965,0.52047,1.70435,1.18004,1.2519,0.000287801,0.000287801,0.000287801
244,1155.17,1.42487,1.0984,1.05347,0.82814,0.93333,0.95639,0.48856,1.79017,1.24068,1.27928,0.000283085,0.000283085,0.000283085
245,1159.38,1.49132,1.12312,1.13827,0.82814,0.93333,0.95639,0.48856,1.79017,1.24068,1.27928,0.000278369,0.000278369,0.000278369
246,1163.75,1.74117,1.39268,1.13501,0.82814,0.93333,0.95639,0.48856,1.79017,1.24068,1.27928,0.000273654,0.000273654,0.000273654
247,1168.14,1.466,1.19527,1.07396,0.84842,0.92632,0.96074,0.50141,1.77847,1.24969,1.27093,0.000268938,0.000268938,0.000268938
248,1172.75,1.42973,1.15255,1.1026,0.84842,0.92632,0.96074,0.50141,1.77847,1.24969,1.27093,0.000264222,0.000264222,0.000264222
249,1177.57,1.499,1.16185,1.06579,0.88318,0.916,0.97509,0.51618,1.7016,1.18256,1.238,0.000259506,0.000259506,0.000259506
250,1182.14,1.415,1.16344,1.10835,0.88318,0.916,0.97509,0.51618,1.7016,1.18256,1.238,0.000254791,0.000254791,0.000254791
251,1186.55,1.37252,1.06797,1.03323,0.88318,0.916,0.97509,0.51618,1.7016,1.18256,1.238,0.000250075,0.000250075,0.000250075
252,1191.03,1.50905,1.26404,1.08287,0.88297,0.94131,0.97389,0.55128,1.64544,1.12491,1.20992,0.000245359,0.000245359,0.000245359
253,1195.29,1.45068,1.15496,1.17307,0.88297,0.94131,0.97389,0.55128,1.64544,1.12491,1.20992,0.000240644,0.000240644,0.000240644
254,1199.63,1.32128,1.0805,1.07023,0.91749,0.94859,0.98278,0.54934,1.60043,1.117,1.18911,0.000235928,0.000235928,0.000235928
255,1204.4,1.48071,1.15656,1.09251,0.91749,0.94859,0.98278,0.54934,1.60043,1.117,1.18911,0.000231212,0.000231212,0.000231212
256,1209.08,1.48191,1.12244,1.03932,0.91749,0.94859,0.98278,0.54934,1.60043,1.117,1.18911,0.000226497,0.000226497,0.000226497
257,1213.88,1.52712,1.33902,1.24538,0.94887,0.96217,0.97944,0.54443,1.60045,1.1197,1.18878,0.000221781,0.000221781,0.000221781
258,1218.94,1.34184,1.09912,1.07944,0.94887,0.96217,0.97944,0.54443,1.60045,1.1197,1.18878,0.000217065,0.000217065,0.000217065
259,1223.71,1.26331,1.0779,1.0812,0.95766,0.96013,0.98288,0.55766,1.61659,1.09057,1.19664,0.000212349,0.000212349,0.000212349
260,1227.92,1.4012,1.11376,1.1404,0.95766,0.96013,0.98288,0.55766,1.61659,1.09057,1.19664,0.000207634,0.000207634,0.000207634
261,1232.64,1.3466,1.09409,1.10662,0.95766,0.96013,0.98288,0.55766,1.61659,1.09057,1.19664,0.000202918,0.000202918,0.000202918
262,1237.25,1.4658,1.1241,1.14105,0.92967,0.94763,0.98591,0.5511,1.61455,1.06982,1.19863,0.000198202,0.000198202,0.000198202
263,1244.16,1.41121,1.09969,1.0413,0.92967,0.94763,0.98591,0.5511,1.61455,1.06982,1.19863,0.000193487,0.000193487,0.000193487
264,1249.62,1.35259,1.08346,1.05497,0.91673,0.91067,0.98611,0.54199,1.63334,1.06559,1.20767,0.000188771,0.000188771,0.000188771
265,1253.72,1.33854,1.02986,1.06675,0.91673,0.91067,0.98611,0.54199,1.63334,1.06559,1.20767,0.000184055,0.000184055,0.000184055
266,1258.89,1.4415,1.28282,1.15418,0.91673,0.91067,0.98611,0.54199,1.63334,1.06559,1.20767,0.00017934,0.00017934,0.00017934
267,1263.58,1.3392,1.01019,1.04871,0.91958,0.92799,0.98611,0.53974,1.6496,1.07105,1.21466,0.000174624,0.000174624,0.000174624
268,1268.08,1.3633,1.10849,1.11011,0.91958,0.92799,0.98611,0.53974,1.6496,1.07105,1.21466,0.000169908,0.000169908,0.000169908
269,1272.7,1.36069,1.12975,1.15908,0.96713,0.92721,0.98611,0.54329,1.65535,1.06114,1.2189,0.000165192,0.000165192,0.000165192
270,1277.04,1.49754,1.17515,1.18413,0.96713,0.92721,0.98611,0.54329,1.65535,1.06114,1.2189,0.000160477,0.000160477,0.000160477
271,1281.31,1.40363,1.1403,1.1186,0.96713,0.92721,0.98611,0.54329,1.65535,1.06114,1.2189,0.000155761,0.000155761,0.000155761
272,1285.65,1.61685,1.44668,1.2304,0.99591,0.93037,0.98894,0.53769,1.63913,1.05501,1.21158,0.000151045,0.000151045,0.000151045
273,1290.3,1.36091,1.05411,1.05691,0.99591,0.93037,0.98894,0.53769,1.63913,1.05501,1.21158,0.00014633,0.00014633,0.00014633
274,1295.7,1.45434,1.09423,1.15139,0.96394,0.9234,0.98894,0.54907,1.64492,1.06962,1.21335,0.000141614,0.000141614,0.000141614
275,1300.53,1.34693,1.10926,1.06213,0.96394,0.9234,0.98894,0.54907,1.64492,1.06962,1.21335,0.000136898,0.000136898,0.000136898
276,1304.77,1.33856,1.03853,1.06915,0.96394,0.9234,0.98894,0.54907,1.64492,1.06962,1.21335,0.000132183,0.000132183,0.000132183
277,1309.19,1.39603,1.16856,1.17204,0.90572,0.99113,0.98591,0.54161,1.62486,1.08104,1.20294,0.000127467,0.000127467,0.000127467
278,1313.57,1.46891,1.17065,1.16914,0.90572,0.99113,0.98591,0.54161,1.62486,1.08104,1.20294,0.000122751,0.000122751,0.000122751
279,1318.39,1.29524,1.02905,1.02247,0.91581,0.99258,0.98591,0.54516,1.59878,1.08433,1.19344,0.000118035,0.000118035,0.000118035
280,1322.81,1.35539,1.17665,1.08123,0.91581,0.99258,0.98591,0.54516,1.59878,1.08433,1.19344,0.00011332,0.00011332,0.00011332
281,1327.56,1.3098,1.10078,1.00859,0.91581,0.99258,0.98591,0.54516,1.59878,1.08433,1.19344,0.000108604,0.000108604,0.000108604
282,1331.87,1.45153,1.10996,1.0259,0.89899,0.98234,0.98591,0.54443,1.59478,1.06873,1.19165,0.000103888,0.000103888,0.000103888
283,1336.18,1.36258,1.0791,1.02962,0.89899,0.98234,0.98591,0.54443,1.59478,1.06873,1.19165,9.91726e-05,9.91726e-05,9.91726e-05
284,1340.62,1.42234,1.06782,1.12439,0.88813,0.97877,0.98338,0.53791,1.60239,1.06443,1.19664,9.44569e-05,9.44569e-05,9.44569e-05
285,1345.08,1.28648,1.05461,1.06584,0.88813,0.97877,0.98338,0.53791,1.60239,1.06443,1.19664,8.97412e-05,8.97412e-05,8.97412e-05
286,1349.79,1.24026,0.98346,1.01717,0.88813,0.97877,0.98338,0.53791,1.60239,1.06443,1.19664,8.50255e-05,8.50255e-05,8.50255e-05
287,1354.27,1.38281,1.1363,1.09148,0.8642,0.98739,0.98338,0.53213,1.62714,1.06822,1.2097,8.03098e-05,8.03098e-05,8.03098e-05
288,1358.59,1.45382,1.08783,1.18149,0.8642,0.98739,0.98338,0.53213,1.62714,1.06822,1.2097,7.55941e-05,7.55941e-05,7.55941e-05
289,1363.03,1.32677,1.06844,1.05923,0.8627,0.98109,0.98338,0.53319,1.64318,1.07525,1.21752,7.08784e-05,7.08784e-05,7.08784e-05
290,1367.19,1.34245,1.08215,1.12894,0.8627,0.98109,0.98338,0.53319,1.64318,1.07525,1.21752,6.61627e-05,6.61627e-05,6.61627e-05
291,1371.88,1.32727,1.07955,1.12812,0.8627,0.98109,0.98338,0.53319,1.64318,1.07525,1.21752,6.1447e-05,6.1447e-05,6.1447e-05
292,1375.94,1.38037,1.09333,1.1108,0.91577,0.95645,0.98641,0.53401,1.6475,1.07155,1.2187,5.67313e-05,5.67313e-05,5.67313e-05
293,1380.02,1.41774,1.20683,1.12313,0.91577,0.95645,0.98641,0.53401,1.6475,1.07155,1.2187,5.20156e-05,5.20156e-05,5.20156e-05
294,1384.43,1.29923,1.03801,1.10206,0.91431,0.96091,0.98641,0.54077,1.64589,1.06491,1.21656,4.72999e-05,4.72999e-05,4.72999e-05
295,1388.73,1.42059,1.11859,1.17204,0.91431,0.96091,0.98641,0.54077,1.64589,1.06491,1.21656,4.25842e-05,4.25842e-05,4.25842e-05
296,1393.05,1.29748,1.08315,1.08765,0.91431,0.96091,0.98641,0.54077,1.64589,1.06491,1.21656,3.78685e-05,3.78685e-05,3.78685e-05
297,1397,1.41404,1.13932,1.23336,0.96254,0.91048,0.98641,0.54512,1.63982,1.06481,1.21386,3.31528e-05,3.31528e-05,3.31528e-05
298,1401.12,1.24995,0.99046,1.09593,0.96254,0.91048,0.98641,0.54512,1.63982,1.06481,1.21386,2.84371e-05,2.84371e-05,2.84371e-05
299,1405.42,1.26326,1.0631,1.08881,0.96429,0.91166,0.98641,0.54979,1.63367,1.06622,1.21129,2.37214e-05,2.37214e-05,2.37214e-05
300,1409.67,1.32885,1.03672,1.09092,0.96429,0.91166,0.98641,0.54979,1.63367,1.06622,1.21129,1.90057e-05,1.90057e-05,1.90057e-05
